[
  {
    "id": "72c1a59c-1bd9-4cce-9acd-230604546ac9",
    "data": [
      {
        "text": "turn off the ",
        "userDefined": false
      },
      {
        "text": "dining room",
        "alias": "habitaciones",
        "meta": "@habitaciones",
        "userDefined": false
      },
      {
        "text": " ",
        "userDefined": false
      },
      {
        "text": "lights",
        "alias": "luces",
        "meta": "@luces",
        "userDefined": true
      }
    ],
    "isTemplate": false,
    "count": 0,
    "updated": 1522074260
  },
  {
    "id": "695f9353-fff4-4019-8d92-df8806f2cd29",
    "data": [
      {
        "text": "turn on ",
        "userDefined": false
      },
      {
        "text": "my bedroom",
        "alias": "habitaciones",
        "meta": "@habitaciones",
        "userDefined": false
      },
      {
        "text": "\u0027s ",
        "userDefined": false
      },
      {
        "text": "light",
        "alias": "luces",
        "meta": "@luces",
        "userDefined": true
      }
    ],
    "isTemplate": false,
    "count": 0,
    "updated": 1522074260
  }
]