[
  {
    "id": "22269fe5-9333-40eb-bef9-1cb0ff8f3cb9",
    "data": [
      {
        "text": "buenas noches",
        "userDefined": false
      }
    ],
    "isTemplate": false,
    "count": 0,
    "updated": 1522322648
  },
  {
    "id": "afb16ea8-f1d9-4c16-a4b7-190bfae309a2",
    "data": [
      {
        "text": "buenas tardes",
        "userDefined": false
      }
    ],
    "isTemplate": false,
    "count": 0,
    "updated": 1522322648
  },
  {
    "id": "5fff0138-d05d-4f6e-925f-994eeae4be75",
    "data": [
      {
        "text": "buenos dias",
        "userDefined": false
      }
    ],
    "isTemplate": false,
    "count": 0,
    "updated": 1522322648
  },
  {
    "id": "1b0e7f07-5b12-4f27-8b49-586e6210d580",
    "data": [
      {
        "text": "buenas",
        "userDefined": false
      }
    ],
    "isTemplate": false,
    "count": 0,
    "updated": 1522322648
  },
  {
    "id": "93ace145-d7fe-45d3-944a-f7b93c646fdf",
    "data": [
      {
        "text": "hola",
        "userDefined": false
      }
    ],
    "isTemplate": false,
    "count": 0,
    "updated": 1522322648
  }
]