[
  {
    "id": "bf3c02e7-611e-4540-a86d-743acddbdd9c",
    "data": [
      {
        "text": "como esta la ",
        "userDefined": false
      },
      {
        "text": "ventana",
        "alias": "persianas",
        "meta": "@persianas",
        "userDefined": true
      },
      {
        "text": " del ",
        "userDefined": false
      },
      {
        "text": "cuarto de estar",
        "alias": "habitaciones",
        "meta": "@habitaciones",
        "userDefined": false
      }
    ],
    "isTemplate": false,
    "count": 0,
    "updated": 1522434848
  },
  {
    "id": "af2c2652-16c1-4392-a907-560eb4d76cf0",
    "data": [
      {
        "text": "está encendida la ",
        "userDefined": false
      },
      {
        "text": "luz",
        "alias": "luces",
        "meta": "@luces",
        "userDefined": true
      },
      {
        "text": " del ",
        "userDefined": false
      },
      {
        "text": "cuarto de estar",
        "alias": "habitaciones",
        "meta": "@habitaciones",
        "userDefined": false
      }
    ],
    "isTemplate": false,
    "count": 0,
    "updated": 1522434848
  },
  {
    "id": "5a22bcdc-cadb-4083-94cd-aae7fa0c09fd",
    "data": [
      {
        "text": "está encendido el ",
        "userDefined": false
      },
      {
        "text": "flexo",
        "alias": "luces",
        "meta": "@luces",
        "userDefined": true
      },
      {
        "text": " de ",
        "userDefined": false
      },
      {
        "text": "mi habitación",
        "alias": "habitaciones",
        "meta": "@habitaciones",
        "userDefined": false
      }
    ],
    "isTemplate": false,
    "count": 0,
    "updated": 1522434848
  },
  {
    "id": "3d90868c-6fd9-49b1-9891-e6b05e1e1f2f",
    "data": [
      {
        "text": "cómo está la ",
        "userDefined": false
      },
      {
        "text": "luz",
        "alias": "luces",
        "meta": "@luces",
        "userDefined": true
      },
      {
        "text": " de ",
        "userDefined": false
      },
      {
        "text": "mi cuarto",
        "alias": "habitaciones",
        "meta": "@habitaciones",
        "userDefined": false
      }
    ],
    "isTemplate": false,
    "count": 0,
    "updated": 1522434848
  }
]