[
  {
    "id": "a808018e-7630-4213-9aea-294f2d226e5b",
    "data": [
      {
        "text": "qué ",
        "userDefined": false
      },
      {
        "text": "hay",
        "meta": "@sys.ignore",
        "userDefined": false
      },
      {
        "text": " en mi casa",
        "userDefined": false
      }
    ],
    "isTemplate": false,
    "count": 0,
    "updated": 1522322286
  },
  {
    "id": "6754d03c-295e-4b99-9709-b82c8bd91b01",
    "data": [
      {
        "text": "que objetos ",
        "userDefined": false
      },
      {
        "text": "hay",
        "meta": "@sys.ignore",
        "userDefined": false
      },
      {
        "text": " en la casa",
        "userDefined": false
      }
    ],
    "isTemplate": false,
    "count": 0,
    "updated": 1522320932
  },
  {
    "id": "065f77c4-57c8-4c87-ad04-b67f3cac82fa",
    "data": [
      {
        "text": "qué objetos ",
        "userDefined": false
      },
      {
        "text": "hay",
        "meta": "@sys.ignore",
        "userDefined": false
      }
    ],
    "isTemplate": false,
    "count": 0,
    "updated": 1522320932
  }
]