[
  {
    "value": "encender",
    "synonyms": [
      "encender",
      "enciende",
      "activa",
      "activar",
      "prender",
      "prende"
    ]
  },
  {
    "value": "apagar",
    "synonyms": [
      "apagar",
      "apaga",
      "quita",
      "quitar"
    ]
  },
  {
    "value": "cambiar",
    "synonyms": [
      "cambiar",
      "cambia",
      "alterna"
    ]
  },
  {
    "value": "subir",
    "synonyms": [
      "subir",
      "sube",
      "elevar"
    ]
  },
  {
    "value": "bajar",
    "synonyms": [
      "bajar",
      "baja"
    ]
  },
  {
    "value": "abrir",
    "synonyms": [
      "abrir",
      "abre"
    ]
  },
  {
    "value": "cerrar",
    "synonyms": [
      "cerrar",
      "cierra"
    ]
  },
  {
    "value": "poner",
    "synonyms": [
      "poner",
      "pon"
    ]
  }
]